row,col,burn_time_min
0,0,-1.0000
0,1,-1.0000
0,2,-1.0000
0,3,-1.0000
0,4,-1.0000
0,5,-1.0000
0,6,-1.0000
0,7,-1.0000
0,8,-1.0000
0,9,-1.0000
0,10,-1.0000
0,11,-1.0000
0,12,-1.0000
0,13,-1.0000
0,14,-1.0000
0,15,-1.0000
0,16,-1.0000
0,17,-1.0000
0,18,-1.0000
0,19,-1.0000
0,20,-1.0000
0,21,-1.0000
0,22,-1.0000
0,23,-1.0000
0,24,-1.0000
0,25,-1.0000
0,26,-1.0000
0,27,-1.0000
0,28,-1.0000
0,29,-1.0000
0,30,-1.0000
0,31,-1.0000
0,32,-1.0000
0,33,-1.0000
0,34,-1.0000
0,35,-1.0000
0,36,-1.0000
0,37,-1.0000
0,38,-1.0000
0,39,-1.0000
0,40,-1.0000
0,41,-1.0000
0,42,-1.0000
0,43,-1.0000
0,44,-1.0000
0,45,-1.0000
0,46,-1.0000
0,47,-1.0000
0,48,-1.0000
0,49,-1.0000
0,50,-1.0000
0,51,-1.0000
0,52,-1.0000
0,53,-1.0000
0,54,-1.0000
0,55,-1.0000
0,56,-1.0000
0,57,-1.0000
0,58,-1.0000
0,59,-1.0000
1,0,-1.0000
1,1,-1.0000
1,2,-1.0000
1,3,-1.0000
1,4,-1.0000
1,5,-1.0000
1,6,-1.0000
1,7,-1.0000
1,8,-1.0000
1,9,-1.0000
1,10,-1.0000
1,11,-1.0000
1,12,-1.0000
1,13,-1.0000
1,14,-1.0000
1,15,-1.0000
1,16,-1.0000
1,17,-1.0000
1,18,-1.0000
1,19,-1.0000
1,20,-1.0000
1,21,-1.0000
1,22,-1.0000
1,23,-1.0000
1,24,-1.0000
1,25,-1.0000
1,26,-1.0000
1,27,-1.0000
1,28,-1.0000
1,29,-1.0000
1,30,-1.0000
1,31,-1.0000
1,32,-1.0000
1,33,-1.0000
1,34,-1.0000
1,35,-1.0000
1,36,-1.0000
1,37,-1.0000
1,38,-1.0000
1,39,-1.0000
1,40,-1.0000
1,41,-1.0000
1,42,-1.0000
1,43,-1.0000
1,44,-1.0000
1,45,-1.0000
1,46,-1.0000
1,47,-1.0000
1,48,-1.0000
1,49,-1.0000
1,50,-1.0000
1,51,-1.0000
1,52,-1.0000
1,53,-1.0000
1,54,-1.0000
1,55,-1.0000
1,56,-1.0000
1,57,-1.0000
1,58,-1.0000
1,59,-1.0000
2,0,-1.0000
2,1,-1.0000
2,2,-1.0000
2,3,-1.0000
2,4,-1.0000
2,5,-1.0000
2,6,-1.0000
2,7,-1.0000
2,8,-1.0000
2,9,-1.0000
2,10,-1.0000
2,11,-1.0000
2,12,-1.0000
2,13,-1.0000
2,14,-1.0000
2,15,-1.0000
2,16,-1.0000
2,17,-1.0000
2,18,-1.0000
2,19,-1.0000
2,20,-1.0000
2,21,-1.0000
2,22,-1.0000
2,23,-1.0000
2,24,-1.0000
2,25,-1.0000
2,26,-1.0000
2,27,-1.0000
2,28,-1.0000
2,29,-1.0000
2,30,-1.0000
2,31,-1.0000
2,32,-1.0000
2,33,-1.0000
2,34,-1.0000
2,35,-1.0000
2,36,-1.0000
2,37,-1.0000
2,38,-1.0000
2,39,-1.0000
2,40,-1.0000
2,41,-1.0000
2,42,-1.0000
2,43,-1.0000
2,44,-1.0000
2,45,-1.0000
2,46,-1.0000
2,47,-1.0000
2,48,-1.0000
2,49,-1.0000
2,50,-1.0000
2,51,-1.0000
2,52,-1.0000
2,53,-1.0000
2,54,-1.0000
2,55,-1.0000
2,56,-1.0000
2,57,-1.0000
2,58,-1.0000
2,59,-1.0000
3,0,-1.0000
3,1,-1.0000
3,2,-1.0000
3,3,-1.0000
3,4,-1.0000
3,5,-1.0000
3,6,-1.0000
3,7,-1.0000
3,8,-1.0000
3,9,-1.0000
3,10,-1.0000
3,11,-1.0000
3,12,-1.0000
3,13,-1.0000
3,14,-1.0000
3,15,-1.0000
3,16,-1.0000
3,17,-1.0000
3,18,-1.0000
3,19,-1.0000
3,20,-1.0000
3,21,-1.0000
3,22,-1.0000
3,23,-1.0000
3,24,-1.0000
3,25,-1.0000
3,26,-1.0000
3,27,-1.0000
3,28,-1.0000
3,29,-1.0000
3,30,-1.0000
3,31,-1.0000
3,32,-1.0000
3,33,-1.0000
3,34,-1.0000
3,35,-1.0000
3,36,-1.0000
3,37,-1.0000
3,38,-1.0000
3,39,-1.0000
3,40,-1.0000
3,41,-1.0000
3,42,-1.0000
3,43,-1.0000
3,44,-1.0000
3,45,-1.0000
3,46,-1.0000
3,47,-1.0000
3,48,-1.0000
3,49,-1.0000
3,50,-1.0000
3,51,-1.0000
3,52,-1.0000
3,53,-1.0000
3,54,-1.0000
3,55,-1.0000
3,56,-1.0000
3,57,-1.0000
3,58,-1.0000
3,59,-1.0000
4,0,-1.0000
4,1,-1.0000
4,2,-1.0000
4,3,-1.0000
4,4,-1.0000
4,5,-1.0000
4,6,-1.0000
4,7,-1.0000
4,8,-1.0000
4,9,-1.0000
4,10,-1.0000
4,11,-1.0000
4,12,-1.0000
4,13,-1.0000
4,14,-1.0000
4,15,-1.0000
4,16,-1.0000
4,17,-1.0000
4,18,-1.0000
4,19,-1.0000
4,20,-1.0000
4,21,-1.0000
4,22,-1.0000
4,23,-1.0000
4,24,-1.0000
4,25,-1.0000
4,26,-1.0000
4,27,-1.0000
4,28,-1.0000
4,29,-1.0000
4,30,-1.0000
4,31,-1.0000
4,32,-1.0000
4,33,-1.0000
4,34,-1.0000
4,35,-1.0000
4,36,-1.0000
4,37,-1.0000
4,38,-1.0000
4,39,-1.0000
4,40,-1.0000
4,41,-1.0000
4,42,-1.0000
4,43,-1.0000
4,44,-1.0000
4,45,-1.0000
4,46,-1.0000
4,47,-1.0000
4,48,-1.0000
4,49,-1.0000
4,50,-1.0000
4,51,-1.0000
4,52,-1.0000
4,53,-1.0000
4,54,-1.0000
4,55,-1.0000
4,56,-1.0000
4,57,-1.0000
4,58,-1.0000
4,59,-1.0000
5,0,-1.0000
5,1,-1.0000
5,2,-1.0000
5,3,-1.0000
5,4,-1.0000
5,5,-1.0000
5,6,-1.0000
5,7,-1.0000
5,8,-1.0000
5,9,-1.0000
5,10,-1.0000
5,11,-1.0000
5,12,-1.0000
5,13,-1.0000
5,14,-1.0000
5,15,-1.0000
5,16,-1.0000
5,17,-1.0000
5,18,-1.0000
5,19,-1.0000
5,20,-1.0000
5,21,-1.0000
5,22,-1.0000
5,23,-1.0000
5,24,-1.0000
5,25,-1.0000
5,26,-1.0000
5,27,-1.0000
5,28,-1.0000
5,29,-1.0000
5,30,-1.0000
5,31,-1.0000
5,32,-1.0000
5,33,-1.0000
5,34,-1.0000
5,35,-1.0000
5,36,-1.0000
5,37,-1.0000
5,38,-1.0000
5,39,-1.0000
5,40,-1.0000
5,41,-1.0000
5,42,-1.0000
5,43,-1.0000
5,44,-1.0000
5,45,-1.0000
5,46,-1.0000
5,47,-1.0000
5,48,-1.0000
5,49,-1.0000
5,50,-1.0000
5,51,-1.0000
5,52,-1.0000
5,53,-1.0000
5,54,-1.0000
5,55,-1.0000
5,56,-1.0000
5,57,-1.0000
5,58,-1.0000
5,59,-1.0000
6,0,-1.0000
6,1,-1.0000
6,2,-1.0000
6,3,-1.0000
6,4,-1.0000
6,5,-1.0000
6,6,-1.0000
6,7,-1.0000
6,8,-1.0000
6,9,-1.0000
6,10,-1.0000
6,11,-1.0000
6,12,-1.0000
6,13,-1.0000
6,14,-1.0000
6,15,-1.0000
6,16,-1.0000
6,17,-1.0000
6,18,-1.0000
6,19,-1.0000
6,20,-1.0000
6,21,-1.0000
6,22,-1.0000
6,23,-1.0000
6,24,-1.0000
6,25,-1.0000
6,26,-1.0000
6,27,-1.0000
6,28,-1.0000
6,29,-1.0000
6,30,-1.0000
6,31,-1.0000
6,32,-1.0000
6,33,-1.0000
6,34,-1.0000
6,35,-1.0000
6,36,-1.0000
6,37,-1.0000
6,38,-1.0000
6,39,-1.0000
6,40,-1.0000
6,41,-1.0000
6,42,-1.0000
6,43,-1.0000
6,44,-1.0000
6,45,-1.0000
6,46,-1.0000
6,47,-1.0000
6,48,-1.0000
6,49,-1.0000
6,50,-1.0000
6,51,-1.0000
6,52,-1.0000
6,53,-1.0000
6,54,-1.0000
6,55,-1.0000
6,56,-1.0000
6,57,-1.0000
6,58,-1.0000
6,59,-1.0000
7,0,-1.0000
7,1,-1.0000
7,2,-1.0000
7,3,-1.0000
7,4,-1.0000
7,5,-1.0000
7,6,-1.0000
7,7,-1.0000
7,8,-1.0000
7,9,-1.0000
7,10,-1.0000
7,11,-1.0000
7,12,-1.0000
7,13,-1.0000
7,14,-1.0000
7,15,-1.0000
7,16,-1.0000
7,17,-1.0000
7,18,-1.0000
7,19,-1.0000
7,20,-1.0000
7,21,-1.0000
7,22,-1.0000
7,23,-1.0000
7,24,-1.0000
7,25,-1.0000
7,26,-1.0000
7,27,-1.0000
7,28,-1.0000
7,29,-1.0000
7,30,-1.0000
7,31,-1.0000
7,32,-1.0000
7,33,-1.0000
7,34,-1.0000
7,35,-1.0000
7,36,-1.0000
7,37,-1.0000
7,38,-1.0000
7,39,-1.0000
7,40,-1.0000
7,41,-1.0000
7,42,-1.0000
7,43,-1.0000
7,44,-1.0000
7,45,-1.0000
7,46,-1.0000
7,47,-1.0000
7,48,-1.0000
7,49,-1.0000
7,50,-1.0000
7,51,-1.0000
7,52,-1.0000
7,53,-1.0000
7,54,-1.0000
7,55,-1.0000
7,56,-1.0000
7,57,-1.0000
7,58,-1.0000
7,59,-1.0000
8,0,-1.0000
8,1,-1.0000
8,2,-1.0000
8,3,-1.0000
8,4,-1.0000
8,5,-1.0000
8,6,-1.0000
8,7,-1.0000
8,8,-1.0000
8,9,-1.0000
8,10,-1.0000
8,11,-1.0000
8,12,-1.0000
8,13,-1.0000
8,14,-1.0000
8,15,-1.0000
8,16,-1.0000
8,17,-1.0000
8,18,-1.0000
8,19,-1.0000
8,20,-1.0000
8,21,-1.0000
8,22,-1.0000
8,23,-1.0000
8,24,-1.0000
8,25,-1.0000
8,26,-1.0000
8,27,-1.0000
8,28,-1.0000
8,29,-1.0000
8,30,-1.0000
8,31,-1.0000
8,32,-1.0000
8,33,-1.0000
8,34,-1.0000
8,35,-1.0000
8,36,-1.0000
8,37,-1.0000
8,38,-1.0000
8,39,-1.0000
8,40,-1.0000
8,41,-1.0000
8,42,-1.0000
8,43,-1.0000
8,44,-1.0000
8,45,-1.0000
8,46,-1.0000
8,47,-1.0000
8,48,-1.0000
8,49,-1.0000
8,50,-1.0000
8,51,-1.0000
8,52,-1.0000
8,53,-1.0000
8,54,-1.0000
8,55,-1.0000
8,56,-1.0000
8,57,-1.0000
8,58,-1.0000
8,59,-1.0000
9,0,-1.0000
9,1,-1.0000
9,2,-1.0000
9,3,-1.0000
9,4,-1.0000
9,5,-1.0000
9,6,-1.0000
9,7,-1.0000
9,8,-1.0000
9,9,-1.0000
9,10,-1.0000
9,11,-1.0000
9,12,-1.0000
9,13,-1.0000
9,14,-1.0000
9,15,-1.0000
9,16,-1.0000
9,17,-1.0000
9,18,-1.0000
9,19,-1.0000
9,20,-1.0000
9,21,-1.0000
9,22,-1.0000
9,23,-1.0000
9,24,-1.0000
9,25,-1.0000
9,26,-1.0000
9,27,-1.0000
9,28,-1.0000
9,29,-1.0000
9,30,-1.0000
9,31,-1.0000
9,32,-1.0000
9,33,-1.0000
9,34,-1.0000
9,35,-1.0000
9,36,-1.0000
9,37,-1.0000
9,38,-1.0000
9,39,-1.0000
9,40,-1.0000
9,41,-1.0000
9,42,-1.0000
9,43,-1.0000
9,44,-1.0000
9,45,-1.0000
9,46,-1.0000
9,47,-1.0000
9,48,-1.0000
9,49,-1.0000
9,50,-1.0000
9,51,-1.0000
9,52,-1.0000
9,53,-1.0000
9,54,-1.0000
9,55,-1.0000
9,56,-1.0000
9,57,-1.0000
9,58,-1.0000
9,59,-1.0000
10,0,-1.0000
10,1,-1.0000
10,2,-1.0000
10,3,-1.0000
10,4,-1.0000
10,5,-1.0000
10,6,-1.0000
10,7,-1.0000
10,8,-1.0000
10,9,-1.0000
10,10,-1.0000
10,11,-1.0000
10,12,-1.0000
10,13,-1.0000
10,14,-1.0000
10,15,-1.0000
10,16,-1.0000
10,17,-1.0000
10,18,-1.0000
10,19,-1.0000
10,20,-1.0000
10,21,-1.0000
10,22,-1.0000
10,23,-1.0000
10,24,-1.0000
10,25,-1.0000
10,26,-1.0000
10,27,-1.0000
10,28,-1.0000
10,29,-1.0000
10,30,-1.0000
10,31,-1.0000
10,32,-1.0000
10,33,-1.0000
10,34,-1.0000
10,35,-1.0000
10,36,-1.0000
10,37,-1.0000
10,38,-1.0000
10,39,-1.0000
10,40,-1.0000
10,41,-1.0000
10,42,-1.0000
10,43,-1.0000
10,44,-1.0000
10,45,-1.0000
10,46,-1.0000
10,47,-1.0000
10,48,-1.0000
10,49,-1.0000
10,50,-1.0000
10,51,-1.0000
10,52,-1.0000
10,53,-1.0000
10,54,-1.0000
10,55,-1.0000
10,56,-1.0000
10,57,-1.0000
10,58,-1.0000
10,59,-1.0000
11,0,-1.0000
11,1,-1.0000
11,2,-1.0000
11,3,-1.0000
11,4,-1.0000
11,5,-1.0000
11,6,-1.0000
11,7,-1.0000
11,8,-1.0000
11,9,-1.0000
11,10,-1.0000
11,11,-1.0000
11,12,-1.0000
11,13,-1.0000
11,14,-1.0000
11,15,-1.0000
11,16,-1.0000
11,17,-1.0000
11,18,-1.0000
11,19,-1.0000
11,20,-1.0000
11,21,-1.0000
11,22,-1.0000
11,23,-1.0000
11,24,-1.0000
11,25,-1.0000
11,26,-1.0000
11,27,-1.0000
11,28,-1.0000
11,29,-1.0000
11,30,-1.0000
11,31,-1.0000
11,32,-1.0000
11,33,-1.0000
11,34,-1.0000
11,35,-1.0000
11,36,-1.0000
11,37,-1.0000
11,38,-1.0000
11,39,-1.0000
11,40,-1.0000
11,41,-1.0000
11,42,-1.0000
11,43,-1.0000
11,44,-1.0000
11,45,-1.0000
11,46,-1.0000
11,47,-1.0000
11,48,-1.0000
11,49,-1.0000
11,50,-1.0000
11,51,-1.0000
11,52,-1.0000
11,53,-1.0000
11,54,-1.0000
11,55,-1.0000
11,56,-1.0000
11,57,-1.0000
11,58,-1.0000
11,59,-1.0000
12,0,-1.0000
12,1,-1.0000
12,2,-1.0000
12,3,-1.0000
12,4,-1.0000
12,5,-1.0000
12,6,-1.0000
12,7,-1.0000
12,8,-1.0000
12,9,-1.0000
12,10,-1.0000
12,11,-1.0000
12,12,-1.0000
12,13,-1.0000
12,14,-1.0000
12,15,-1.0000
12,16,-1.0000
12,17,-1.0000
12,18,-1.0000
12,19,-1.0000
12,20,-1.0000
12,21,-1.0000
12,22,-1.0000
12,23,-1.0000
12,24,-1.0000
12,25,-1.0000
12,26,-1.0000
12,27,-1.0000
12,28,-1.0000
12,29,-1.0000
12,30,-1.0000
12,31,-1.0000
12,32,-1.0000
12,33,-1.0000
12,34,-1.0000
12,35,-1.0000
12,36,-1.0000
12,37,-1.0000
12,38,-1.0000
12,39,-1.0000
12,40,-1.0000
12,41,-1.0000
12,42,-1.0000
12,43,-1.0000
12,44,-1.0000
12,45,-1.0000
12,46,-1.0000
12,47,-1.0000
12,48,-1.0000
12,49,-1.0000
12,50,-1.0000
12,51,-1.0000
12,52,-1.0000
12,53,-1.0000
12,54,-1.0000
12,55,-1.0000
12,56,-1.0000
12,57,-1.0000
12,58,-1.0000
12,59,-1.0000
13,0,-1.0000
13,1,-1.0000
13,2,-1.0000
13,3,-1.0000
13,4,-1.0000
13,5,-1.0000
13,6,-1.0000
13,7,-1.0000
13,8,-1.0000
13,9,-1.0000
13,10,-1.0000
13,11,-1.0000
13,12,-1.0000
13,13,-1.0000
13,14,-1.0000
13,15,-1.0000
13,16,-1.0000
13,17,-1.0000
13,18,-1.0000
13,19,-1.0000
13,20,-1.0000
13,21,-1.0000
13,22,-1.0000
13,23,-1.0000
13,24,-1.0000
13,25,-1.0000
13,26,-1.0000
13,27,-1.0000
13,28,-1.0000
13,29,-1.0000
13,30,-1.0000
13,31,-1.0000
13,32,-1.0000
13,33,-1.0000
13,34,-1.0000
13,35,-1.0000
13,36,-1.0000
13,37,-1.0000
13,38,-1.0000
13,39,-1.0000
13,40,-1.0000
13,41,-1.0000
13,42,-1.0000
13,43,-1.0000
13,44,-1.0000
13,45,-1.0000
13,46,-1.0000
13,47,-1.0000
13,48,-1.0000
13,49,-1.0000
13,50,-1.0000
13,51,-1.0000
13,52,-1.0000
13,53,-1.0000
13,54,-1.0000
13,55,-1.0000
13,56,-1.0000
13,57,-1.0000
13,58,-1.0000
13,59,-1.0000
14,0,-1.0000
14,1,-1.0000
14,2,-1.0000
14,3,-1.0000
14,4,-1.0000
14,5,-1.0000
14,6,-1.0000
14,7,-1.0000
14,8,-1.0000
14,9,-1.0000
14,10,-1.0000
14,11,-1.0000
14,12,-1.0000
14,13,-1.0000
14,14,-1.0000
14,15,-1.0000
14,16,-1.0000
14,17,-1.0000
14,18,-1.0000
14,19,-1.0000
14,20,-1.0000
14,21,-1.0000
14,22,-1.0000
14,23,-1.0000
14,24,-1.0000
14,25,-1.0000
14,26,-1.0000
14,27,-1.0000
14,28,-1.0000
14,29,-1.0000
14,30,-1.0000
14,31,-1.0000
14,32,-1.0000
14,33,-1.0000
14,34,-1.0000
14,35,-1.0000
14,36,-1.0000
14,37,-1.0000
14,38,-1.0000
14,39,-1.0000
14,40,-1.0000
14,41,-1.0000
14,42,-1.0000
14,43,-1.0000
14,44,-1.0000
14,45,-1.0000
14,46,-1.0000
14,47,-1.0000
14,48,-1.0000
14,49,-1.0000
14,50,-1.0000
14,51,-1.0000
14,52,-1.0000
14,53,-1.0000
14,54,-1.0000
14,55,-1.0000
14,56,-1.0000
14,57,-1.0000
14,58,-1.0000
14,59,-1.0000
15,0,-1.0000
15,1,-1.0000
15,2,-1.0000
15,3,-1.0000
15,4,-1.0000
15,5,-1.0000
15,6,-1.0000
15,7,-1.0000
15,8,-1.0000
15,9,-1.0000
15,10,-1.0000
15,11,-1.0000
15,12,-1.0000
15,13,-1.0000
15,14,-1.0000
15,15,-1.0000
15,16,-1.0000
15,17,-1.0000
15,18,-1.0000
15,19,-1.0000
15,20,-1.0000
15,21,-1.0000
15,22,-1.0000
15,23,-1.0000
15,24,-1.0000
15,25,-1.0000
15,26,-1.0000
15,27,-1.0000
15,28,-1.0000
15,29,-1.0000
15,30,-1.0000
15,31,-1.0000
15,32,-1.0000
15,33,-1.0000
15,34,-1.0000
15,35,-1.0000
15,36,-1.0000
15,37,-1.0000
15,38,-1.0000
15,39,-1.0000
15,40,-1.0000
15,41,-1.0000
15,42,-1.0000
15,43,-1.0000
15,44,-1.0000
15,45,-1.0000
15,46,-1.0000
15,47,-1.0000
15,48,-1.0000
15,49,-1.0000
15,50,-1.0000
15,51,-1.0000
15,52,-1.0000
15,53,-1.0000
15,54,-1.0000
15,55,-1.0000
15,56,-1.0000
15,57,-1.0000
15,58,-1.0000
15,59,-1.0000
16,0,-1.0000
16,1,-1.0000
16,2,-1.0000
16,3,-1.0000
16,4,-1.0000
16,5,-1.0000
16,6,-1.0000
16,7,-1.0000
16,8,-1.0000
16,9,-1.0000
16,10,-1.0000
16,11,-1.0000
16,12,-1.0000
16,13,-1.0000
16,14,-1.0000
16,15,-1.0000
16,16,-1.0000
16,17,-1.0000
16,18,-1.0000
16,19,-1.0000
16,20,-1.0000
16,21,-1.0000
16,22,-1.0000
16,23,-1.0000
16,24,-1.0000
16,25,-1.0000
16,26,-1.0000
16,27,-1.0000
16,28,-1.0000
16,29,-1.0000
16,30,-1.0000
16,31,-1.0000
16,32,-1.0000
16,33,-1.0000
16,34,-1.0000
16,35,-1.0000
16,36,-1.0000
16,37,-1.0000
16,38,-1.0000
16,39,-1.0000
16,40,-1.0000
16,41,-1.0000
16,42,-1.0000
16,43,-1.0000
16,44,-1.0000
16,45,-1.0000
16,46,-1.0000
16,47,-1.0000
16,48,-1.0000
16,49,-1.0000
16,50,-1.0000
16,51,-1.0000
16,52,-1.0000
16,53,-1.0000
16,54,-1.0000
16,55,-1.0000
16,56,-1.0000
16,57,-1.0000
16,58,-1.0000
16,59,-1.0000
17,0,-1.0000
17,1,-1.0000
17,2,-1.0000
17,3,-1.0000
17,4,-1.0000
17,5,-1.0000
17,6,-1.0000
17,7,-1.0000
17,8,-1.0000
17,9,-1.0000
17,10,-1.0000
17,11,-1.0000
17,12,-1.0000
17,13,-1.0000
17,14,-1.0000
17,15,-1.0000
17,16,-1.0000
17,17,-1.0000
17,18,-1.0000
17,19,-1.0000
17,20,-1.0000
17,21,-1.0000
17,22,-1.0000
17,23,-1.0000
17,24,-1.0000
17,25,-1.0000
17,26,-1.0000
17,27,-1.0000
17,28,-1.0000
17,29,-1.0000
17,30,-1.0000
17,31,-1.0000
17,32,-1.0000
17,33,-1.0000
17,34,-1.0000
17,35,-1.0000
17,36,-1.0000
17,37,-1.0000
17,38,-1.0000
17,39,-1.0000
17,40,-1.0000
17,41,-1.0000
17,42,-1.0000
17,43,-1.0000
17,44,-1.0000
17,45,-1.0000
17,46,-1.0000
17,47,-1.0000
17,48,-1.0000
17,49,-1.0000
17,50,-1.0000
17,51,-1.0000
17,52,-1.0000
17,53,-1.0000
17,54,-1.0000
17,55,-1.0000
17,56,-1.0000
17,57,-1.0000
17,58,-1.0000
17,59,-1.0000
18,0,-1.0000
18,1,-1.0000
18,2,-1.0000
18,3,-1.0000
18,4,-1.0000
18,5,-1.0000
18,6,-1.0000
18,7,-1.0000
18,8,-1.0000
18,9,-1.0000
18,10,-1.0000
18,11,-1.0000
18,12,-1.0000
18,13,-1.0000
18,14,-1.0000
18,15,-1.0000
18,16,-1.0000
18,17,-1.0000
18,18,-1.0000
18,19,-1.0000
18,20,-1.0000
18,21,-1.0000
18,22,-1.0000
18,23,-1.0000
18,24,-1.0000
18,25,-1.0000
18,26,-1.0000
18,27,-1.0000
18,28,-1.0000
18,29,-1.0000
18,30,-1.0000
18,31,-1.0000
18,32,-1.0000
18,33,-1.0000
18,34,-1.0000
18,35,-1.0000
18,36,-1.0000
18,37,-1.0000
18,38,-1.0000
18,39,-1.0000
18,40,-1.0000
18,41,-1.0000
18,42,-1.0000
18,43,-1.0000
18,44,-1.0000
18,45,-1.0000
18,46,-1.0000
18,47,-1.0000
18,48,-1.0000
18,49,-1.0000
18,50,-1.0000
18,51,-1.0000
18,52,-1.0000
18,53,-1.0000
18,54,-1.0000
18,55,-1.0000
18,56,-1.0000
18,57,-1.0000
18,58,-1.0000
18,59,-1.0000
19,0,-1.0000
19,1,-1.0000
19,2,-1.0000
19,3,-1.0000
19,4,-1.0000
19,5,-1.0000
19,6,-1.0000
19,7,-1.0000
19,8,-1.0000
19,9,-1.0000
19,10,-1.0000
19,11,-1.0000
19,12,-1.0000
19,13,-1.0000
19,14,-1.0000
19,15,-1.0000
19,16,-1.0000
19,17,-1.0000
19,18,-1.0000
19,19,-1.0000
19,20,-1.0000
19,21,-1.0000
19,22,-1.0000
19,23,-1.0000
19,24,-1.0000
19,25,-1.0000
19,26,-1.0000
19,27,-1.0000
19,28,-1.0000
19,29,-1.0000
19,30,-1.0000
19,31,-1.0000
19,32,-1.0000
19,33,-1.0000
19,34,-1.0000
19,35,-1.0000
19,36,-1.0000
19,37,-1.0000
19,38,-1.0000
19,39,-1.0000
19,40,-1.0000
19,41,-1.0000
19,42,-1.0000
19,43,-1.0000
19,44,-1.0000
19,45,-1.0000
19,46,-1.0000
19,47,-1.0000
19,48,-1.0000
19,49,-1.0000
19,50,-1.0000
19,51,-1.0000
19,52,-1.0000
19,53,-1.0000
19,54,-1.0000
19,55,-1.0000
19,56,-1.0000
19,57,-1.0000
19,58,-1.0000
19,59,-1.0000
20,0,-1.0000
20,1,-1.0000
20,2,-1.0000
20,3,-1.0000
20,4,-1.0000
20,5,-1.0000
20,6,-1.0000
20,7,-1.0000
20,8,-1.0000
20,9,-1.0000
20,10,-1.0000
20,11,-1.0000
20,12,-1.0000
20,13,-1.0000
20,14,-1.0000
20,15,-1.0000
20,16,-1.0000
20,17,-1.0000
20,18,-1.0000
20,19,-1.0000
20,20,-1.0000
20,21,-1.0000
20,22,-1.0000
20,23,-1.0000
20,24,-1.0000
20,25,-1.0000
20,26,-1.0000
20,27,-1.0000
20,28,-1.0000
20,29,-1.0000
20,30,-1.0000
20,31,-1.0000
20,32,-1.0000
20,33,-1.0000
20,34,-1.0000
20,35,-1.0000
20,36,-1.0000
20,37,-1.0000
20,38,-1.0000
20,39,-1.0000
20,40,-1.0000
20,41,-1.0000
20,42,-1.0000
20,43,-1.0000
20,44,-1.0000
20,45,-1.0000
20,46,-1.0000
20,47,-1.0000
20,48,-1.0000
20,49,-1.0000
20,50,-1.0000
20,51,-1.0000
20,52,-1.0000
20,53,-1.0000
20,54,-1.0000
20,55,-1.0000
20,56,-1.0000
20,57,-1.0000
20,58,-1.0000
20,59,-1.0000
21,0,-1.0000
21,1,-1.0000
21,2,-1.0000
21,3,-1.0000
21,4,-1.0000
21,5,-1.0000
21,6,-1.0000
21,7,-1.0000
21,8,-1.0000
21,9,-1.0000
21,10,-1.0000
21,11,-1.0000
21,12,-1.0000
21,13,-1.0000
21,14,-1.0000
21,15,-1.0000
21,16,-1.0000
21,17,-1.0000
21,18,-1.0000
21,19,-1.0000
21,20,-1.0000
21,21,-1.0000
21,22,-1.0000
21,23,-1.0000
21,24,-1.0000
21,25,-1.0000
21,26,-1.0000
21,27,-1.0000
21,28,-1.0000
21,29,-1.0000
21,30,-1.0000
21,31,-1.0000
21,32,-1.0000
21,33,-1.0000
21,34,-1.0000
21,35,-1.0000
21,36,-1.0000
21,37,-1.0000
21,38,-1.0000
21,39,-1.0000
21,40,-1.0000
21,41,-1.0000
21,42,-1.0000
21,43,-1.0000
21,44,-1.0000
21,45,-1.0000
21,46,-1.0000
21,47,-1.0000
21,48,-1.0000
21,49,-1.0000
21,50,-1.0000
21,51,-1.0000
21,52,-1.0000
21,53,-1.0000
21,54,-1.0000
21,55,-1.0000
21,56,-1.0000
21,57,-1.0000
21,58,-1.0000
21,59,-1.0000
22,0,-1.0000
22,1,-1.0000
22,2,-1.0000
22,3,-1.0000
22,4,-1.0000
22,5,-1.0000
22,6,-1.0000
22,7,-1.0000
22,8,-1.0000
22,9,-1.0000
22,10,-1.0000
22,11,-1.0000
22,12,-1.0000
22,13,-1.0000
22,14,-1.0000
22,15,-1.0000
22,16,-1.0000
22,17,-1.0000
22,18,-1.0000
22,19,-1.0000
22,20,-1.0000
22,21,-1.0000
22,22,-1.0000
22,23,-1.0000
22,24,-1.0000
22,25,-1.0000
22,26,-1.0000
22,27,-1.0000
22,28,-1.0000
22,29,-1.0000
22,30,-1.0000
22,31,-1.0000
22,32,-1.0000
22,33,-1.0000
22,34,-1.0000
22,35,-1.0000
22,36,-1.0000
22,37,-1.0000
22,38,-1.0000
22,39,-1.0000
22,40,-1.0000
22,41,-1.0000
22,42,-1.0000
22,43,-1.0000
22,44,-1.0000
22,45,-1.0000
22,46,-1.0000
22,47,-1.0000
22,48,-1.0000
22,49,-1.0000
22,50,-1.0000
22,51,-1.0000
22,52,-1.0000
22,53,-1.0000
22,54,-1.0000
22,55,-1.0000
22,56,-1.0000
22,57,-1.0000
22,58,-1.0000
22,59,-1.0000
23,0,-1.0000
23,1,-1.0000
23,2,-1.0000
23,3,-1.0000
23,4,-1.0000
23,5,-1.0000
23,6,-1.0000
23,7,-1.0000
23,8,-1.0000
23,9,-1.0000
23,10,-1.0000
23,11,-1.0000
23,12,-1.0000
23,13,-1.0000
23,14,-1.0000
23,15,-1.0000
23,16,-1.0000
23,17,-1.0000
23,18,-1.0000
23,19,-1.0000
23,20,-1.0000
23,21,-1.0000
23,22,-1.0000
23,23,-1.0000
23,24,-1.0000
23,25,-1.0000
23,26,-1.0000
23,27,-1.0000
23,28,-1.0000
23,29,-1.0000
23,30,-1.0000
23,31,-1.0000
23,32,-1.0000
23,33,-1.0000
23,34,-1.0000
23,35,-1.0000
23,36,-1.0000
23,37,-1.0000
23,38,-1.0000
23,39,-1.0000
23,40,-1.0000
23,41,-1.0000
23,42,-1.0000
23,43,-1.0000
23,44,-1.0000
23,45,-1.0000
23,46,-1.0000
23,47,-1.0000
23,48,-1.0000
23,49,-1.0000
23,50,-1.0000
23,51,-1.0000
23,52,-1.0000
23,53,-1.0000
23,54,-1.0000
23,55,-1.0000
23,56,-1.0000
23,57,-1.0000
23,58,-1.0000
23,59,-1.0000
24,0,-1.0000
24,1,-1.0000
24,2,-1.0000
24,3,-1.0000
24,4,-1.0000
24,5,-1.0000
24,6,-1.0000
24,7,-1.0000
24,8,-1.0000
24,9,-1.0000
24,10,-1.0000
24,11,-1.0000
24,12,-1.0000
24,13,-1.0000
24,14,-1.0000
24,15,-1.0000
24,16,-1.0000
24,17,-1.0000
24,18,-1.0000
24,19,-1.0000
24,20,-1.0000
24,21,-1.0000
24,22,-1.0000
24,23,-1.0000
24,24,-1.0000
24,25,-1.0000
24,26,-1.0000
24,27,-1.0000
24,28,-1.0000
24,29,-1.0000
24,30,-1.0000
24,31,-1.0000
24,32,-1.0000
24,33,-1.0000
24,34,-1.0000
24,35,-1.0000
24,36,-1.0000
24,37,-1.0000
24,38,-1.0000
24,39,-1.0000
24,40,-1.0000
24,41,-1.0000
24,42,-1.0000
24,43,-1.0000
24,44,-1.0000
24,45,-1.0000
24,46,-1.0000
24,47,-1.0000
24,48,-1.0000
24,49,-1.0000
24,50,-1.0000
24,51,-1.0000
24,52,-1.0000
24,53,-1.0000
24,54,-1.0000
24,55,-1.0000
24,56,-1.0000
24,57,-1.0000
24,58,-1.0000
24,59,-1.0000
25,0,-1.0000
25,1,-1.0000
25,2,-1.0000
25,3,-1.0000
25,4,-1.0000
25,5,-1.0000
25,6,-1.0000
25,7,-1.0000
25,8,-1.0000
25,9,-1.0000
25,10,-1.0000
25,11,-1.0000
25,12,-1.0000
25,13,-1.0000
25,14,-1.0000
25,15,-1.0000
25,16,-1.0000
25,17,-1.0000
25,18,-1.0000
25,19,-1.0000
25,20,-1.0000
25,21,-1.0000
25,22,-1.0000
25,23,-1.0000
25,24,-1.0000
25,25,-1.0000
25,26,-1.0000
25,27,-1.0000
25,28,-1.0000
25,29,-1.0000
25,30,-1.0000
25,31,-1.0000
25,32,-1.0000
25,33,-1.0000
25,34,-1.0000
25,35,-1.0000
25,36,-1.0000
25,37,-1.0000
25,38,-1.0000
25,39,-1.0000
25,40,-1.0000
25,41,-1.0000
25,42,-1.0000
25,43,-1.0000
25,44,-1.0000
25,45,-1.0000
25,46,-1.0000
25,47,-1.0000
25,48,-1.0000
25,49,-1.0000
25,50,-1.0000
25,51,-1.0000
25,52,-1.0000
25,53,-1.0000
25,54,-1.0000
25,55,-1.0000
25,56,-1.0000
25,57,-1.0000
25,58,-1.0000
25,59,-1.0000
26,0,-1.0000
26,1,-1.0000
26,2,-1.0000
26,3,-1.0000
26,4,-1.0000
26,5,-1.0000
26,6,-1.0000
26,7,-1.0000
26,8,-1.0000
26,9,-1.0000
26,10,-1.0000
26,11,-1.0000
26,12,-1.0000
26,13,-1.0000
26,14,-1.0000
26,15,-1.0000
26,16,-1.0000
26,17,-1.0000
26,18,-1.0000
26,19,-1.0000
26,20,-1.0000
26,21,-1.0000
26,22,-1.0000
26,23,-1.0000
26,24,-1.0000
26,25,-1.0000
26,26,-1.0000
26,27,-1.0000
26,28,-1.0000
26,29,-1.0000
26,30,-1.0000
26,31,-1.0000
26,32,-1.0000
26,33,-1.0000
26,34,-1.0000
26,35,-1.0000
26,36,-1.0000
26,37,-1.0000
26,38,-1.0000
26,39,-1.0000
26,40,-1.0000
26,41,-1.0000
26,42,-1.0000
26,43,-1.0000
26,44,-1.0000
26,45,-1.0000
26,46,-1.0000
26,47,-1.0000
26,48,-1.0000
26,49,-1.0000
26,50,-1.0000
26,51,-1.0000
26,52,-1.0000
26,53,-1.0000
26,54,-1.0000
26,55,-1.0000
26,56,-1.0000
26,57,-1.0000
26,58,-1.0000
26,59,-1.0000
27,0,-1.0000
27,1,-1.0000
27,2,-1.0000
27,3,-1.0000
27,4,-1.0000
27,5,-1.0000
27,6,-1.0000
27,7,-1.0000
27,8,-1.0000
27,9,-1.0000
27,10,-1.0000
27,11,-1.0000
27,12,-1.0000
27,13,-1.0000
27,14,-1.0000
27,15,-1.0000
27,16,-1.0000
27,17,-1.0000
27,18,-1.0000
27,19,-1.0000
27,20,-1.0000
27,21,-1.0000
27,22,-1.0000
27,23,-1.0000
27,24,-1.0000
27,25,-1.0000
27,26,-1.0000
27,27,-1.0000
27,28,-1.0000
27,29,-1.0000
27,30,-1.0000
27,31,-1.0000
27,32,-1.0000
27,33,-1.0000
27,34,-1.0000
27,35,-1.0000
27,36,-1.0000
27,37,-1.0000
27,38,-1.0000
27,39,-1.0000
27,40,-1.0000
27,41,-1.0000
27,42,-1.0000
27,43,-1.0000
27,44,-1.0000
27,45,-1.0000
27,46,-1.0000
27,47,-1.0000
27,48,-1.0000
27,49,-1.0000
27,50,-1.0000
27,51,-1.0000
27,52,-1.0000
27,53,-1.0000
27,54,-1.0000
27,55,-1.0000
27,56,-1.0000
27,57,-1.0000
27,58,-1.0000
27,59,-1.0000
28,0,-1.0000
28,1,-1.0000
28,2,-1.0000
28,3,-1.0000
28,4,-1.0000
28,5,-1.0000
28,6,-1.0000
28,7,-1.0000
28,8,-1.0000
28,9,-1.0000
28,10,-1.0000
28,11,-1.0000
28,12,-1.0000
28,13,-1.0000
28,14,-1.0000
28,15,-1.0000
28,16,-1.0000
28,17,-1.0000
28,18,-1.0000
28,19,-1.0000
28,20,-1.0000
28,21,-1.0000
28,22,-1.0000
28,23,-1.0000
28,24,-1.0000
28,25,-1.0000
28,26,-1.0000
28,27,-1.0000
28,28,-1.0000
28,29,-1.0000
28,30,-1.0000
28,31,-1.0000
28,32,-1.0000
28,33,-1.0000
28,34,-1.0000
28,35,-1.0000
28,36,-1.0000
28,37,-1.0000
28,38,-1.0000
28,39,-1.0000
28,40,-1.0000
28,41,-1.0000
28,42,-1.0000
28,43,-1.0000
28,44,-1.0000
28,45,-1.0000
28,46,-1.0000
28,47,-1.0000
28,48,-1.0000
28,49,-1.0000
28,50,-1.0000
28,51,-1.0000
28,52,-1.0000
28,53,-1.0000
28,54,-1.0000
28,55,-1.0000
28,56,-1.0000
28,57,-1.0000
28,58,-1.0000
28,59,-1.0000
29,0,-1.0000
29,1,-1.0000
29,2,-1.0000
29,3,-1.0000
29,4,-1.0000
29,5,-1.0000
29,6,-1.0000
29,7,-1.0000
29,8,-1.0000
29,9,-1.0000
29,10,-1.0000
29,11,-1.0000
29,12,-1.0000
29,13,-1.0000
29,14,-1.0000
29,15,-1.0000
29,16,-1.0000
29,17,-1.0000
29,18,-1.0000
29,19,-1.0000
29,20,-1.0000
29,21,-1.0000
29,22,-1.0000
29,23,-1.0000
29,24,-1.0000
29,25,-1.0000
29,26,-1.0000
29,27,-1.0000
29,28,-1.0000
29,29,-1.0000
29,30,-1.0000
29,31,-1.0000
29,32,-1.0000
29,33,-1.0000
29,34,-1.0000
29,35,-1.0000
29,36,-1.0000
29,37,-1.0000
29,38,-1.0000
29,39,-1.0000
29,40,-1.0000
29,41,-1.0000
29,42,-1.0000
29,43,-1.0000
29,44,-1.0000
29,45,-1.0000
29,46,-1.0000
29,47,-1.0000
29,48,-1.0000
29,49,-1.0000
29,50,-1.0000
29,51,-1.0000
29,52,-1.0000
29,53,-1.0000
29,54,-1.0000
29,55,-1.0000
29,56,-1.0000
29,57,-1.0000
29,58,-1.0000
29,59,-1.0000
30,0,-1.0000
30,1,-1.0000
30,2,-1.0000
30,3,-1.0000
30,4,-1.0000
30,5,-1.0000
30,6,-1.0000
30,7,-1.0000
30,8,-1.0000
30,9,-1.0000
30,10,-1.0000
30,11,-1.0000
30,12,-1.0000
30,13,-1.0000
30,14,-1.0000
30,15,-1.0000
30,16,-1.0000
30,17,-1.0000
30,18,-1.0000
30,19,-1.0000
30,20,-1.0000
30,21,-1.0000
30,22,-1.0000
30,23,-1.0000
30,24,-1.0000
30,25,-1.0000
30,26,-1.0000
30,27,-1.0000
30,28,-1.0000
30,29,-1.0000
30,30,0.0000
30,31,0.5132
30,32,1.0264
30,33,1.5396
30,34,2.0528
30,35,2.5660
30,36,3.0792
30,37,3.5924
30,38,4.1056
30,39,4.6188
30,40,5.1320
30,41,5.6452
30,42,6.1584
30,43,6.6716
30,44,7.1848
30,45,7.6980
30,46,8.2112
30,47,8.7244
30,48,9.2376
30,49,9.7508
30,50,10.2640
30,51,10.7772
30,52,11.2904
30,53,11.8036
30,54,12.3168
30,55,12.8300
30,56,13.3432
30,57,13.8564
30,58,14.3696
30,59,14.8828
31,0,-1.0000
31,1,-1.0000
31,2,-1.0000
31,3,-1.0000
31,4,-1.0000
31,5,-1.0000
31,6,-1.0000
31,7,-1.0000
31,8,-1.0000
31,9,-1.0000
31,10,-1.0000
31,11,-1.0000
31,12,-1.0000
31,13,-1.0000
31,14,-1.0000
31,15,-1.0000
31,16,-1.0000
31,17,-1.0000
31,18,-1.0000
31,19,-1.0000
31,20,-1.0000
31,21,-1.0000
31,22,-1.0000
31,23,-1.0000
31,24,-1.0000
31,25,-1.0000
31,26,-1.0000
31,27,-1.0000
31,28,-1.0000
31,29,-1.0000
31,30,-1.0000
31,31,-1.0000
31,32,-1.0000
31,33,-1.0000
31,34,-1.0000
31,35,-1.0000
31,36,-1.0000
31,37,-1.0000
31,38,-1.0000
31,39,-1.0000
31,40,-1.0000
31,41,-1.0000
31,42,-1.0000
31,43,-1.0000
31,44,-1.0000
31,45,-1.0000
31,46,-1.0000
31,47,-1.0000
31,48,-1.0000
31,49,-1.0000
31,50,-1.0000
31,51,-1.0000
31,52,-1.0000
31,53,-1.0000
31,54,-1.0000
31,55,-1.0000
31,56,-1.0000
31,57,-1.0000
31,58,-1.0000
31,59,-1.0000
32,0,-1.0000
32,1,-1.0000
32,2,-1.0000
32,3,-1.0000
32,4,-1.0000
32,5,-1.0000
32,6,-1.0000
32,7,-1.0000
32,8,-1.0000
32,9,-1.0000
32,10,-1.0000
32,11,-1.0000
32,12,-1.0000
32,13,-1.0000
32,14,-1.0000
32,15,-1.0000
32,16,-1.0000
32,17,-1.0000
32,18,-1.0000
32,19,-1.0000
32,20,-1.0000
32,21,-1.0000
32,22,-1.0000
32,23,-1.0000
32,24,-1.0000
32,25,-1.0000
32,26,-1.0000
32,27,-1.0000
32,28,-1.0000
32,29,-1.0000
32,30,-1.0000
32,31,-1.0000
32,32,-1.0000
32,33,-1.0000
32,34,-1.0000
32,35,-1.0000
32,36,-1.0000
32,37,-1.0000
32,38,-1.0000
32,39,-1.0000
32,40,-1.0000
32,41,-1.0000
32,42,-1.0000
32,43,-1.0000
32,44,-1.0000
32,45,-1.0000
32,46,-1.0000
32,47,-1.0000
32,48,-1.0000
32,49,-1.0000
32,50,-1.0000
32,51,-1.0000
32,52,-1.0000
32,53,-1.0000
32,54,-1.0000
32,55,-1.0000
32,56,-1.0000
32,57,-1.0000
32,58,-1.0000
32,59,-1.0000
33,0,-1.0000
33,1,-1.0000
33,2,-1.0000
33,3,-1.0000
33,4,-1.0000
33,5,-1.0000
33,6,-1.0000
33,7,-1.0000
33,8,-1.0000
33,9,-1.0000
33,10,-1.0000
33,11,-1.0000
33,12,-1.0000
33,13,-1.0000
33,14,-1.0000
33,15,-1.0000
33,16,-1.0000
33,17,-1.0000
33,18,-1.0000
33,19,-1.0000
33,20,-1.0000
33,21,-1.0000
33,22,-1.0000
33,23,-1.0000
33,24,-1.0000
33,25,-1.0000
33,26,-1.0000
33,27,-1.0000
33,28,-1.0000
33,29,-1.0000
33,30,-1.0000
33,31,-1.0000
33,32,-1.0000
33,33,-1.0000
33,34,-1.0000
33,35,-1.0000
33,36,-1.0000
33,37,-1.0000
33,38,-1.0000
33,39,-1.0000
33,40,-1.0000
33,41,-1.0000
33,42,-1.0000
33,43,-1.0000
33,44,-1.0000
33,45,-1.0000
33,46,-1.0000
33,47,-1.0000
33,48,-1.0000
33,49,-1.0000
33,50,-1.0000
33,51,-1.0000
33,52,-1.0000
33,53,-1.0000
33,54,-1.0000
33,55,-1.0000
33,56,-1.0000
33,57,-1.0000
33,58,-1.0000
33,59,-1.0000
34,0,-1.0000
34,1,-1.0000
34,2,-1.0000
34,3,-1.0000
34,4,-1.0000
34,5,-1.0000
34,6,-1.0000
34,7,-1.0000
34,8,-1.0000
34,9,-1.0000
34,10,-1.0000
34,11,-1.0000
34,12,-1.0000
34,13,-1.0000
34,14,-1.0000
34,15,-1.0000
34,16,-1.0000
34,17,-1.0000
34,18,-1.0000
34,19,-1.0000
34,20,-1.0000
34,21,-1.0000
34,22,-1.0000
34,23,-1.0000
34,24,-1.0000
34,25,-1.0000
34,26,-1.0000
34,27,-1.0000
34,28,-1.0000
34,29,-1.0000
34,30,-1.0000
34,31,-1.0000
34,32,-1.0000
34,33,-1.0000
34,34,-1.0000
34,35,-1.0000
34,36,-1.0000
34,37,-1.0000
34,38,-1.0000
34,39,-1.0000
34,40,-1.0000
34,41,-1.0000
34,42,-1.0000
34,43,-1.0000
34,44,-1.0000
34,45,-1.0000
34,46,-1.0000
34,47,-1.0000
34,48,-1.0000
34,49,-1.0000
34,50,-1.0000
34,51,-1.0000
34,52,-1.0000
34,53,-1.0000
34,54,-1.0000
34,55,-1.0000
34,56,-1.0000
34,57,-1.0000
34,58,-1.0000
34,59,-1.0000
35,0,-1.0000
35,1,-1.0000
35,2,-1.0000
35,3,-1.0000
35,4,-1.0000
35,5,-1.0000
35,6,-1.0000
35,7,-1.0000
35,8,-1.0000
35,9,-1.0000
35,10,-1.0000
35,11,-1.0000
35,12,-1.0000
35,13,-1.0000
35,14,-1.0000
35,15,-1.0000
35,16,-1.0000
35,17,-1.0000
35,18,-1.0000
35,19,-1.0000
35,20,-1.0000
35,21,-1.0000
35,22,-1.0000
35,23,-1.0000
35,24,-1.0000
35,25,-1.0000
35,26,-1.0000
35,27,-1.0000
35,28,-1.0000
35,29,-1.0000
35,30,-1.0000
35,31,-1.0000
35,32,-1.0000
35,33,-1.0000
35,34,-1.0000
35,35,-1.0000
35,36,-1.0000
35,37,-1.0000
35,38,-1.0000
35,39,-1.0000
35,40,-1.0000
35,41,-1.0000
35,42,-1.0000
35,43,-1.0000
35,44,-1.0000
35,45,-1.0000
35,46,-1.0000
35,47,-1.0000
35,48,-1.0000
35,49,-1.0000
35,50,-1.0000
35,51,-1.0000
35,52,-1.0000
35,53,-1.0000
35,54,-1.0000
35,55,-1.0000
35,56,-1.0000
35,57,-1.0000
35,58,-1.0000
35,59,-1.0000
36,0,-1.0000
36,1,-1.0000
36,2,-1.0000
36,3,-1.0000
36,4,-1.0000
36,5,-1.0000
36,6,-1.0000
36,7,-1.0000
36,8,-1.0000
36,9,-1.0000
36,10,-1.0000
36,11,-1.0000
36,12,-1.0000
36,13,-1.0000
36,14,-1.0000
36,15,-1.0000
36,16,-1.0000
36,17,-1.0000
36,18,-1.0000
36,19,-1.0000
36,20,-1.0000
36,21,-1.0000
36,22,-1.0000
36,23,-1.0000
36,24,-1.0000
36,25,-1.0000
36,26,-1.0000
36,27,-1.0000
36,28,-1.0000
36,29,-1.0000
36,30,-1.0000
36,31,-1.0000
36,32,-1.0000
36,33,-1.0000
36,34,-1.0000
36,35,-1.0000
36,36,-1.0000
36,37,-1.0000
36,38,-1.0000
36,39,-1.0000
36,40,-1.0000
36,41,-1.0000
36,42,-1.0000
36,43,-1.0000
36,44,-1.0000
36,45,-1.0000
36,46,-1.0000
36,47,-1.0000
36,48,-1.0000
36,49,-1.0000
36,50,-1.0000
36,51,-1.0000
36,52,-1.0000
36,53,-1.0000
36,54,-1.0000
36,55,-1.0000
36,56,-1.0000
36,57,-1.0000
36,58,-1.0000
36,59,-1.0000
37,0,-1.0000
37,1,-1.0000
37,2,-1.0000
37,3,-1.0000
37,4,-1.0000
37,5,-1.0000
37,6,-1.0000
37,7,-1.0000
37,8,-1.0000
37,9,-1.0000
37,10,-1.0000
37,11,-1.0000
37,12,-1.0000
37,13,-1.0000
37,14,-1.0000
37,15,-1.0000
37,16,-1.0000
37,17,-1.0000
37,18,-1.0000
37,19,-1.0000
37,20,-1.0000
37,21,-1.0000
37,22,-1.0000
37,23,-1.0000
37,24,-1.0000
37,25,-1.0000
37,26,-1.0000
37,27,-1.0000
37,28,-1.0000
37,29,-1.0000
37,30,-1.0000
37,31,-1.0000
37,32,-1.0000
37,33,-1.0000
37,34,-1.0000
37,35,-1.0000
37,36,-1.0000
37,37,-1.0000
37,38,-1.0000
37,39,-1.0000
37,40,-1.0000
37,41,-1.0000
37,42,-1.0000
37,43,-1.0000
37,44,-1.0000
37,45,-1.0000
37,46,-1.0000
37,47,-1.0000
37,48,-1.0000
37,49,-1.0000
37,50,-1.0000
37,51,-1.0000
37,52,-1.0000
37,53,-1.0000
37,54,-1.0000
37,55,-1.0000
37,56,-1.0000
37,57,-1.0000
37,58,-1.0000
37,59,-1.0000
38,0,-1.0000
38,1,-1.0000
38,2,-1.0000
38,3,-1.0000
38,4,-1.0000
38,5,-1.0000
38,6,-1.0000
38,7,-1.0000
38,8,-1.0000
38,9,-1.0000
38,10,-1.0000
38,11,-1.0000
38,12,-1.0000
38,13,-1.0000
38,14,-1.0000
38,15,-1.0000
38,16,-1.0000
38,17,-1.0000
38,18,-1.0000
38,19,-1.0000
38,20,-1.0000
38,21,-1.0000
38,22,-1.0000
38,23,-1.0000
38,24,-1.0000
38,25,-1.0000
38,26,-1.0000
38,27,-1.0000
38,28,-1.0000
38,29,-1.0000
38,30,-1.0000
38,31,-1.0000
38,32,-1.0000
38,33,-1.0000
38,34,-1.0000
38,35,-1.0000
38,36,-1.0000
38,37,-1.0000
38,38,-1.0000
38,39,-1.0000
38,40,-1.0000
38,41,-1.0000
38,42,-1.0000
38,43,-1.0000
38,44,-1.0000
38,45,-1.0000
38,46,-1.0000
38,47,-1.0000
38,48,-1.0000
38,49,-1.0000
38,50,-1.0000
38,51,-1.0000
38,52,-1.0000
38,53,-1.0000
38,54,-1.0000
38,55,-1.0000
38,56,-1.0000
38,57,-1.0000
38,58,-1.0000
38,59,-1.0000
39,0,-1.0000
39,1,-1.0000
39,2,-1.0000
39,3,-1.0000
39,4,-1.0000
39,5,-1.0000
39,6,-1.0000
39,7,-1.0000
39,8,-1.0000
39,9,-1.0000
39,10,-1.0000
39,11,-1.0000
39,12,-1.0000
39,13,-1.0000
39,14,-1.0000
39,15,-1.0000
39,16,-1.0000
39,17,-1.0000
39,18,-1.0000
39,19,-1.0000
39,20,-1.0000
39,21,-1.0000
39,22,-1.0000
39,23,-1.0000
39,24,-1.0000
39,25,-1.0000
39,26,-1.0000
39,27,-1.0000
39,28,-1.0000
39,29,-1.0000
39,30,-1.0000
39,31,-1.0000
39,32,-1.0000
39,33,-1.0000
39,34,-1.0000
39,35,-1.0000
39,36,-1.0000
39,37,-1.0000
39,38,-1.0000
39,39,-1.0000
39,40,-1.0000
39,41,-1.0000
39,42,-1.0000
39,43,-1.0000
39,44,-1.0000
39,45,-1.0000
39,46,-1.0000
39,47,-1.0000
39,48,-1.0000
39,49,-1.0000
39,50,-1.0000
39,51,-1.0000
39,52,-1.0000
39,53,-1.0000
39,54,-1.0000
39,55,-1.0000
39,56,-1.0000
39,57,-1.0000
39,58,-1.0000
39,59,-1.0000
40,0,-1.0000
40,1,-1.0000
40,2,-1.0000
40,3,-1.0000
40,4,-1.0000
40,5,-1.0000
40,6,-1.0000
40,7,-1.0000
40,8,-1.0000
40,9,-1.0000
40,10,-1.0000
40,11,-1.0000
40,12,-1.0000
40,13,-1.0000
40,14,-1.0000
40,15,-1.0000
40,16,-1.0000
40,17,-1.0000
40,18,-1.0000
40,19,-1.0000
40,20,-1.0000
40,21,-1.0000
40,22,-1.0000
40,23,-1.0000
40,24,-1.0000
40,25,-1.0000
40,26,-1.0000
40,27,-1.0000
40,28,-1.0000
40,29,-1.0000
40,30,-1.0000
40,31,-1.0000
40,32,-1.0000
40,33,-1.0000
40,34,-1.0000
40,35,-1.0000
40,36,-1.0000
40,37,-1.0000
40,38,-1.0000
40,39,-1.0000
40,40,-1.0000
40,41,-1.0000
40,42,-1.0000
40,43,-1.0000
40,44,-1.0000
40,45,-1.0000
40,46,-1.0000
40,47,-1.0000
40,48,-1.0000
40,49,-1.0000
40,50,-1.0000
40,51,-1.0000
40,52,-1.0000
40,53,-1.0000
40,54,-1.0000
40,55,-1.0000
40,56,-1.0000
40,57,-1.0000
40,58,-1.0000
40,59,-1.0000
41,0,-1.0000
41,1,-1.0000
41,2,-1.0000
41,3,-1.0000
41,4,-1.0000
41,5,-1.0000
41,6,-1.0000
41,7,-1.0000
41,8,-1.0000
41,9,-1.0000
41,10,-1.0000
41,11,-1.0000
41,12,-1.0000
41,13,-1.0000
41,14,-1.0000
41,15,-1.0000
41,16,-1.0000
41,17,-1.0000
41,18,-1.0000
41,19,-1.0000
41,20,-1.0000
41,21,-1.0000
41,22,-1.0000
41,23,-1.0000
41,24,-1.0000
41,25,-1.0000
41,26,-1.0000
41,27,-1.0000
41,28,-1.0000
41,29,-1.0000
41,30,-1.0000
41,31,-1.0000
41,32,-1.0000
41,33,-1.0000
41,34,-1.0000
41,35,-1.0000
41,36,-1.0000
41,37,-1.0000
41,38,-1.0000
41,39,-1.0000
41,40,-1.0000
41,41,-1.0000
41,42,-1.0000
41,43,-1.0000
41,44,-1.0000
41,45,-1.0000
41,46,-1.0000
41,47,-1.0000
41,48,-1.0000
41,49,-1.0000
41,50,-1.0000
41,51,-1.0000
41,52,-1.0000
41,53,-1.0000
41,54,-1.0000
41,55,-1.0000
41,56,-1.0000
41,57,-1.0000
41,58,-1.0000
41,59,-1.0000
42,0,-1.0000
42,1,-1.0000
42,2,-1.0000
42,3,-1.0000
42,4,-1.0000
42,5,-1.0000
42,6,-1.0000
42,7,-1.0000
42,8,-1.0000
42,9,-1.0000
42,10,-1.0000
42,11,-1.0000
42,12,-1.0000
42,13,-1.0000
42,14,-1.0000
42,15,-1.0000
42,16,-1.0000
42,17,-1.0000
42,18,-1.0000
42,19,-1.0000
42,20,-1.0000
42,21,-1.0000
42,22,-1.0000
42,23,-1.0000
42,24,-1.0000
42,25,-1.0000
42,26,-1.0000
42,27,-1.0000
42,28,-1.0000
42,29,-1.0000
42,30,-1.0000
42,31,-1.0000
42,32,-1.0000
42,33,-1.0000
42,34,-1.0000
42,35,-1.0000
42,36,-1.0000
42,37,-1.0000
42,38,-1.0000
42,39,-1.0000
42,40,-1.0000
42,41,-1.0000
42,42,-1.0000
42,43,-1.0000
42,44,-1.0000
42,45,-1.0000
42,46,-1.0000
42,47,-1.0000
42,48,-1.0000
42,49,-1.0000
42,50,-1.0000
42,51,-1.0000
42,52,-1.0000
42,53,-1.0000
42,54,-1.0000
42,55,-1.0000
42,56,-1.0000
42,57,-1.0000
42,58,-1.0000
42,59,-1.0000
43,0,-1.0000
43,1,-1.0000
43,2,-1.0000
43,3,-1.0000
43,4,-1.0000
43,5,-1.0000
43,6,-1.0000
43,7,-1.0000
43,8,-1.0000
43,9,-1.0000
43,10,-1.0000
43,11,-1.0000
43,12,-1.0000
43,13,-1.0000
43,14,-1.0000
43,15,-1.0000
43,16,-1.0000
43,17,-1.0000
43,18,-1.0000
43,19,-1.0000
43,20,-1.0000
43,21,-1.0000
43,22,-1.0000
43,23,-1.0000
43,24,-1.0000
43,25,-1.0000
43,26,-1.0000
43,27,-1.0000
43,28,-1.0000
43,29,-1.0000
43,30,-1.0000
43,31,-1.0000
43,32,-1.0000
43,33,-1.0000
43,34,-1.0000
43,35,-1.0000
43,36,-1.0000
43,37,-1.0000
43,38,-1.0000
43,39,-1.0000
43,40,-1.0000
43,41,-1.0000
43,42,-1.0000
43,43,-1.0000
43,44,-1.0000
43,45,-1.0000
43,46,-1.0000
43,47,-1.0000
43,48,-1.0000
43,49,-1.0000
43,50,-1.0000
43,51,-1.0000
43,52,-1.0000
43,53,-1.0000
43,54,-1.0000
43,55,-1.0000
43,56,-1.0000
43,57,-1.0000
43,58,-1.0000
43,59,-1.0000
44,0,-1.0000
44,1,-1.0000
44,2,-1.0000
44,3,-1.0000
44,4,-1.0000
44,5,-1.0000
44,6,-1.0000
44,7,-1.0000
44,8,-1.0000
44,9,-1.0000
44,10,-1.0000
44,11,-1.0000
44,12,-1.0000
44,13,-1.0000
44,14,-1.0000
44,15,-1.0000
44,16,-1.0000
44,17,-1.0000
44,18,-1.0000
44,19,-1.0000
44,20,-1.0000
44,21,-1.0000
44,22,-1.0000
44,23,-1.0000
44,24,-1.0000
44,25,-1.0000
44,26,-1.0000
44,27,-1.0000
44,28,-1.0000
44,29,-1.0000
44,30,-1.0000
44,31,-1.0000
44,32,-1.0000
44,33,-1.0000
44,34,-1.0000
44,35,-1.0000
44,36,-1.0000
44,37,-1.0000
44,38,-1.0000
44,39,-1.0000
44,40,-1.0000
44,41,-1.0000
44,42,-1.0000
44,43,-1.0000
44,44,-1.0000
44,45,-1.0000
44,46,-1.0000
44,47,-1.0000
44,48,-1.0000
44,49,-1.0000
44,50,-1.0000
44,51,-1.0000
44,52,-1.0000
44,53,-1.0000
44,54,-1.0000
44,55,-1.0000
44,56,-1.0000
44,57,-1.0000
44,58,-1.0000
44,59,-1.0000
45,0,-1.0000
45,1,-1.0000
45,2,-1.0000
45,3,-1.0000
45,4,-1.0000
45,5,-1.0000
45,6,-1.0000
45,7,-1.0000
45,8,-1.0000
45,9,-1.0000
45,10,-1.0000
45,11,-1.0000
45,12,-1.0000
45,13,-1.0000
45,14,-1.0000
45,15,-1.0000
45,16,-1.0000
45,17,-1.0000
45,18,-1.0000
45,19,-1.0000
45,20,-1.0000
45,21,-1.0000
45,22,-1.0000
45,23,-1.0000
45,24,-1.0000
45,25,-1.0000
45,26,-1.0000
45,27,-1.0000
45,28,-1.0000
45,29,-1.0000
45,30,-1.0000
45,31,-1.0000
45,32,-1.0000
45,33,-1.0000
45,34,-1.0000
45,35,-1.0000
45,36,-1.0000
45,37,-1.0000
45,38,-1.0000
45,39,-1.0000
45,40,-1.0000
45,41,-1.0000
45,42,-1.0000
45,43,-1.0000
45,44,-1.0000
45,45,-1.0000
45,46,-1.0000
45,47,-1.0000
45,48,-1.0000
45,49,-1.0000
45,50,-1.0000
45,51,-1.0000
45,52,-1.0000
45,53,-1.0000
45,54,-1.0000
45,55,-1.0000
45,56,-1.0000
45,57,-1.0000
45,58,-1.0000
45,59,-1.0000
46,0,-1.0000
46,1,-1.0000
46,2,-1.0000
46,3,-1.0000
46,4,-1.0000
46,5,-1.0000
46,6,-1.0000
46,7,-1.0000
46,8,-1.0000
46,9,-1.0000
46,10,-1.0000
46,11,-1.0000
46,12,-1.0000
46,13,-1.0000
46,14,-1.0000
46,15,-1.0000
46,16,-1.0000
46,17,-1.0000
46,18,-1.0000
46,19,-1.0000
46,20,-1.0000
46,21,-1.0000
46,22,-1.0000
46,23,-1.0000
46,24,-1.0000
46,25,-1.0000
46,26,-1.0000
46,27,-1.0000
46,28,-1.0000
46,29,-1.0000
46,30,-1.0000
46,31,-1.0000
46,32,-1.0000
46,33,-1.0000
46,34,-1.0000
46,35,-1.0000
46,36,-1.0000
46,37,-1.0000
46,38,-1.0000
46,39,-1.0000
46,40,-1.0000
46,41,-1.0000
46,42,-1.0000
46,43,-1.0000
46,44,-1.0000
46,45,-1.0000
46,46,-1.0000
46,47,-1.0000
46,48,-1.0000
46,49,-1.0000
46,50,-1.0000
46,51,-1.0000
46,52,-1.0000
46,53,-1.0000
46,54,-1.0000
46,55,-1.0000
46,56,-1.0000
46,57,-1.0000
46,58,-1.0000
46,59,-1.0000
47,0,-1.0000
47,1,-1.0000
47,2,-1.0000
47,3,-1.0000
47,4,-1.0000
47,5,-1.0000
47,6,-1.0000
47,7,-1.0000
47,8,-1.0000
47,9,-1.0000
47,10,-1.0000
47,11,-1.0000
47,12,-1.0000
47,13,-1.0000
47,14,-1.0000
47,15,-1.0000
47,16,-1.0000
47,17,-1.0000
47,18,-1.0000
47,19,-1.0000
47,20,-1.0000
47,21,-1.0000
47,22,-1.0000
47,23,-1.0000
47,24,-1.0000
47,25,-1.0000
47,26,-1.0000
47,27,-1.0000
47,28,-1.0000
47,29,-1.0000
47,30,-1.0000
47,31,-1.0000
47,32,-1.0000
47,33,-1.0000
47,34,-1.0000
47,35,-1.0000
47,36,-1.0000
47,37,-1.0000
47,38,-1.0000
47,39,-1.0000
47,40,-1.0000
47,41,-1.0000
47,42,-1.0000
47,43,-1.0000
47,44,-1.0000
47,45,-1.0000
47,46,-1.0000
47,47,-1.0000
47,48,-1.0000
47,49,-1.0000
47,50,-1.0000
47,51,-1.0000
47,52,-1.0000
47,53,-1.0000
47,54,-1.0000
47,55,-1.0000
47,56,-1.0000
47,57,-1.0000
47,58,-1.0000
47,59,-1.0000
48,0,-1.0000
48,1,-1.0000
48,2,-1.0000
48,3,-1.0000
48,4,-1.0000
48,5,-1.0000
48,6,-1.0000
48,7,-1.0000
48,8,-1.0000
48,9,-1.0000
48,10,-1.0000
48,11,-1.0000
48,12,-1.0000
48,13,-1.0000
48,14,-1.0000
48,15,-1.0000
48,16,-1.0000
48,17,-1.0000
48,18,-1.0000
48,19,-1.0000
48,20,-1.0000
48,21,-1.0000
48,22,-1.0000
48,23,-1.0000
48,24,-1.0000
48,25,-1.0000
48,26,-1.0000
48,27,-1.0000
48,28,-1.0000
48,29,-1.0000
48,30,-1.0000
48,31,-1.0000
48,32,-1.0000
48,33,-1.0000
48,34,-1.0000
48,35,-1.0000
48,36,-1.0000
48,37,-1.0000
48,38,-1.0000
48,39,-1.0000
48,40,-1.0000
48,41,-1.0000
48,42,-1.0000
48,43,-1.0000
48,44,-1.0000
48,45,-1.0000
48,46,-1.0000
48,47,-1.0000
48,48,-1.0000
48,49,-1.0000
48,50,-1.0000
48,51,-1.0000
48,52,-1.0000
48,53,-1.0000
48,54,-1.0000
48,55,-1.0000
48,56,-1.0000
48,57,-1.0000
48,58,-1.0000
48,59,-1.0000
49,0,-1.0000
49,1,-1.0000
49,2,-1.0000
49,3,-1.0000
49,4,-1.0000
49,5,-1.0000
49,6,-1.0000
49,7,-1.0000
49,8,-1.0000
49,9,-1.0000
49,10,-1.0000
49,11,-1.0000
49,12,-1.0000
49,13,-1.0000
49,14,-1.0000
49,15,-1.0000
49,16,-1.0000
49,17,-1.0000
49,18,-1.0000
49,19,-1.0000
49,20,-1.0000
49,21,-1.0000
49,22,-1.0000
49,23,-1.0000
49,24,-1.0000
49,25,-1.0000
49,26,-1.0000
49,27,-1.0000
49,28,-1.0000
49,29,-1.0000
49,30,-1.0000
49,31,-1.0000
49,32,-1.0000
49,33,-1.0000
49,34,-1.0000
49,35,-1.0000
49,36,-1.0000
49,37,-1.0000
49,38,-1.0000
49,39,-1.0000
49,40,-1.0000
49,41,-1.0000
49,42,-1.0000
49,43,-1.0000
49,44,-1.0000
49,45,-1.0000
49,46,-1.0000
49,47,-1.0000
49,48,-1.0000
49,49,-1.0000
49,50,-1.0000
49,51,-1.0000
49,52,-1.0000
49,53,-1.0000
49,54,-1.0000
49,55,-1.0000
49,56,-1.0000
49,57,-1.0000
49,58,-1.0000
49,59,-1.0000
50,0,-1.0000
50,1,-1.0000
50,2,-1.0000
50,3,-1.0000
50,4,-1.0000
50,5,-1.0000
50,6,-1.0000
50,7,-1.0000
50,8,-1.0000
50,9,-1.0000
50,10,-1.0000
50,11,-1.0000
50,12,-1.0000
50,13,-1.0000
50,14,-1.0000
50,15,-1.0000
50,16,-1.0000
50,17,-1.0000
50,18,-1.0000
50,19,-1.0000
50,20,-1.0000
50,21,-1.0000
50,22,-1.0000
50,23,-1.0000
50,24,-1.0000
50,25,-1.0000
50,26,-1.0000
50,27,-1.0000
50,28,-1.0000
50,29,-1.0000
50,30,-1.0000
50,31,-1.0000
50,32,-1.0000
50,33,-1.0000
50,34,-1.0000
50,35,-1.0000
50,36,-1.0000
50,37,-1.0000
50,38,-1.0000
50,39,-1.0000
50,40,-1.0000
50,41,-1.0000
50,42,-1.0000
50,43,-1.0000
50,44,-1.0000
50,45,-1.0000
50,46,-1.0000
50,47,-1.0000
50,48,-1.0000
50,49,-1.0000
50,50,-1.0000
50,51,-1.0000
50,52,-1.0000
50,53,-1.0000
50,54,-1.0000
50,55,-1.0000
50,56,-1.0000
50,57,-1.0000
50,58,-1.0000
50,59,-1.0000
51,0,-1.0000
51,1,-1.0000
51,2,-1.0000
51,3,-1.0000
51,4,-1.0000
51,5,-1.0000
51,6,-1.0000
51,7,-1.0000
51,8,-1.0000
51,9,-1.0000
51,10,-1.0000
51,11,-1.0000
51,12,-1.0000
51,13,-1.0000
51,14,-1.0000
51,15,-1.0000
51,16,-1.0000
51,17,-1.0000
51,18,-1.0000
51,19,-1.0000
51,20,-1.0000
51,21,-1.0000
51,22,-1.0000
51,23,-1.0000
51,24,-1.0000
51,25,-1.0000
51,26,-1.0000
51,27,-1.0000
51,28,-1.0000
51,29,-1.0000
51,30,-1.0000
51,31,-1.0000
51,32,-1.0000
51,33,-1.0000
51,34,-1.0000
51,35,-1.0000
51,36,-1.0000
51,37,-1.0000
51,38,-1.0000
51,39,-1.0000
51,40,-1.0000
51,41,-1.0000
51,42,-1.0000
51,43,-1.0000
51,44,-1.0000
51,45,-1.0000
51,46,-1.0000
51,47,-1.0000
51,48,-1.0000
51,49,-1.0000
51,50,-1.0000
51,51,-1.0000
51,52,-1.0000
51,53,-1.0000
51,54,-1.0000
51,55,-1.0000
51,56,-1.0000
51,57,-1.0000
51,58,-1.0000
51,59,-1.0000
52,0,-1.0000
52,1,-1.0000
52,2,-1.0000
52,3,-1.0000
52,4,-1.0000
52,5,-1.0000
52,6,-1.0000
52,7,-1.0000
52,8,-1.0000
52,9,-1.0000
52,10,-1.0000
52,11,-1.0000
52,12,-1.0000
52,13,-1.0000
52,14,-1.0000
52,15,-1.0000
52,16,-1.0000
52,17,-1.0000
52,18,-1.0000
52,19,-1.0000
52,20,-1.0000
52,21,-1.0000
52,22,-1.0000
52,23,-1.0000
52,24,-1.0000
52,25,-1.0000
52,26,-1.0000
52,27,-1.0000
52,28,-1.0000
52,29,-1.0000
52,30,-1.0000
52,31,-1.0000
52,32,-1.0000
52,33,-1.0000
52,34,-1.0000
52,35,-1.0000
52,36,-1.0000
52,37,-1.0000
52,38,-1.0000
52,39,-1.0000
52,40,-1.0000
52,41,-1.0000
52,42,-1.0000
52,43,-1.0000
52,44,-1.0000
52,45,-1.0000
52,46,-1.0000
52,47,-1.0000
52,48,-1.0000
52,49,-1.0000
52,50,-1.0000
52,51,-1.0000
52,52,-1.0000
52,53,-1.0000
52,54,-1.0000
52,55,-1.0000
52,56,-1.0000
52,57,-1.0000
52,58,-1.0000
52,59,-1.0000
53,0,-1.0000
53,1,-1.0000
53,2,-1.0000
53,3,-1.0000
53,4,-1.0000
53,5,-1.0000
53,6,-1.0000
53,7,-1.0000
53,8,-1.0000
53,9,-1.0000
53,10,-1.0000
53,11,-1.0000
53,12,-1.0000
53,13,-1.0000
53,14,-1.0000
53,15,-1.0000
53,16,-1.0000
53,17,-1.0000
53,18,-1.0000
53,19,-1.0000
53,20,-1.0000
53,21,-1.0000
53,22,-1.0000
53,23,-1.0000
53,24,-1.0000
53,25,-1.0000
53,26,-1.0000
53,27,-1.0000
53,28,-1.0000
53,29,-1.0000
53,30,-1.0000
53,31,-1.0000
53,32,-1.0000
53,33,-1.0000
53,34,-1.0000
53,35,-1.0000
53,36,-1.0000
53,37,-1.0000
53,38,-1.0000
53,39,-1.0000
53,40,-1.0000
53,41,-1.0000
53,42,-1.0000
53,43,-1.0000
53,44,-1.0000
53,45,-1.0000
53,46,-1.0000
53,47,-1.0000
53,48,-1.0000
53,49,-1.0000
53,50,-1.0000
53,51,-1.0000
53,52,-1.0000
53,53,-1.0000
53,54,-1.0000
53,55,-1.0000
53,56,-1.0000
53,57,-1.0000
53,58,-1.0000
53,59,-1.0000
54,0,-1.0000
54,1,-1.0000
54,2,-1.0000
54,3,-1.0000
54,4,-1.0000
54,5,-1.0000
54,6,-1.0000
54,7,-1.0000
54,8,-1.0000
54,9,-1.0000
54,10,-1.0000
54,11,-1.0000
54,12,-1.0000
54,13,-1.0000
54,14,-1.0000
54,15,-1.0000
54,16,-1.0000
54,17,-1.0000
54,18,-1.0000
54,19,-1.0000
54,20,-1.0000
54,21,-1.0000
54,22,-1.0000
54,23,-1.0000
54,24,-1.0000
54,25,-1.0000
54,26,-1.0000
54,27,-1.0000
54,28,-1.0000
54,29,-1.0000
54,30,-1.0000
54,31,-1.0000
54,32,-1.0000
54,33,-1.0000
54,34,-1.0000
54,35,-1.0000
54,36,-1.0000
54,37,-1.0000
54,38,-1.0000
54,39,-1.0000
54,40,-1.0000
54,41,-1.0000
54,42,-1.0000
54,43,-1.0000
54,44,-1.0000
54,45,-1.0000
54,46,-1.0000
54,47,-1.0000
54,48,-1.0000
54,49,-1.0000
54,50,-1.0000
54,51,-1.0000
54,52,-1.0000
54,53,-1.0000
54,54,-1.0000
54,55,-1.0000
54,56,-1.0000
54,57,-1.0000
54,58,-1.0000
54,59,-1.0000
55,0,-1.0000
55,1,-1.0000
55,2,-1.0000
55,3,-1.0000
55,4,-1.0000
55,5,-1.0000
55,6,-1.0000
55,7,-1.0000
55,8,-1.0000
55,9,-1.0000
55,10,-1.0000
55,11,-1.0000
55,12,-1.0000
55,13,-1.0000
55,14,-1.0000
55,15,-1.0000
55,16,-1.0000
55,17,-1.0000
55,18,-1.0000
55,19,-1.0000
55,20,-1.0000
55,21,-1.0000
55,22,-1.0000
55,23,-1.0000
55,24,-1.0000
55,25,-1.0000
55,26,-1.0000
55,27,-1.0000
55,28,-1.0000
55,29,-1.0000
55,30,-1.0000
55,31,-1.0000
55,32,-1.0000
55,33,-1.0000
55,34,-1.0000
55,35,-1.0000
55,36,-1.0000
55,37,-1.0000
55,38,-1.0000
55,39,-1.0000
55,40,-1.0000
55,41,-1.0000
55,42,-1.0000
55,43,-1.0000
55,44,-1.0000
55,45,-1.0000
55,46,-1.0000
55,47,-1.0000
55,48,-1.0000
55,49,-1.0000
55,50,-1.0000
55,51,-1.0000
55,52,-1.0000
55,53,-1.0000
55,54,-1.0000
55,55,-1.0000
55,56,-1.0000
55,57,-1.0000
55,58,-1.0000
55,59,-1.0000
56,0,-1.0000
56,1,-1.0000
56,2,-1.0000
56,3,-1.0000
56,4,-1.0000
56,5,-1.0000
56,6,-1.0000
56,7,-1.0000
56,8,-1.0000
56,9,-1.0000
56,10,-1.0000
56,11,-1.0000
56,12,-1.0000
56,13,-1.0000
56,14,-1.0000
56,15,-1.0000
56,16,-1.0000
56,17,-1.0000
56,18,-1.0000
56,19,-1.0000
56,20,-1.0000
56,21,-1.0000
56,22,-1.0000
56,23,-1.0000
56,24,-1.0000
56,25,-1.0000
56,26,-1.0000
56,27,-1.0000
56,28,-1.0000
56,29,-1.0000
56,30,-1.0000
56,31,-1.0000
56,32,-1.0000
56,33,-1.0000
56,34,-1.0000
56,35,-1.0000
56,36,-1.0000
56,37,-1.0000
56,38,-1.0000
56,39,-1.0000
56,40,-1.0000
56,41,-1.0000
56,42,-1.0000
56,43,-1.0000
56,44,-1.0000
56,45,-1.0000
56,46,-1.0000
56,47,-1.0000
56,48,-1.0000
56,49,-1.0000
56,50,-1.0000
56,51,-1.0000
56,52,-1.0000
56,53,-1.0000
56,54,-1.0000
56,55,-1.0000
56,56,-1.0000
56,57,-1.0000
56,58,-1.0000
56,59,-1.0000
57,0,-1.0000
57,1,-1.0000
57,2,-1.0000
57,3,-1.0000
57,4,-1.0000
57,5,-1.0000
57,6,-1.0000
57,7,-1.0000
57,8,-1.0000
57,9,-1.0000
57,10,-1.0000
57,11,-1.0000
57,12,-1.0000
57,13,-1.0000
57,14,-1.0000
57,15,-1.0000
57,16,-1.0000
57,17,-1.0000
57,18,-1.0000
57,19,-1.0000
57,20,-1.0000
57,21,-1.0000
57,22,-1.0000
57,23,-1.0000
57,24,-1.0000
57,25,-1.0000
57,26,-1.0000
57,27,-1.0000
57,28,-1.0000
57,29,-1.0000
57,30,-1.0000
57,31,-1.0000
57,32,-1.0000
57,33,-1.0000
57,34,-1.0000
57,35,-1.0000
57,36,-1.0000
57,37,-1.0000
57,38,-1.0000
57,39,-1.0000
57,40,-1.0000
57,41,-1.0000
57,42,-1.0000
57,43,-1.0000
57,44,-1.0000
57,45,-1.0000
57,46,-1.0000
57,47,-1.0000
57,48,-1.0000
57,49,-1.0000
57,50,-1.0000
57,51,-1.0000
57,52,-1.0000
57,53,-1.0000
57,54,-1.0000
57,55,-1.0000
57,56,-1.0000
57,57,-1.0000
57,58,-1.0000
57,59,-1.0000
58,0,-1.0000
58,1,-1.0000
58,2,-1.0000
58,3,-1.0000
58,4,-1.0000
58,5,-1.0000
58,6,-1.0000
58,7,-1.0000
58,8,-1.0000
58,9,-1.0000
58,10,-1.0000
58,11,-1.0000
58,12,-1.0000
58,13,-1.0000
58,14,-1.0000
58,15,-1.0000
58,16,-1.0000
58,17,-1.0000
58,18,-1.0000
58,19,-1.0000
58,20,-1.0000
58,21,-1.0000
58,22,-1.0000
58,23,-1.0000
58,24,-1.0000
58,25,-1.0000
58,26,-1.0000
58,27,-1.0000
58,28,-1.0000
58,29,-1.0000
58,30,-1.0000
58,31,-1.0000
58,32,-1.0000
58,33,-1.0000
58,34,-1.0000
58,35,-1.0000
58,36,-1.0000
58,37,-1.0000
58,38,-1.0000
58,39,-1.0000
58,40,-1.0000
58,41,-1.0000
58,42,-1.0000
58,43,-1.0000
58,44,-1.0000
58,45,-1.0000
58,46,-1.0000
58,47,-1.0000
58,48,-1.0000
58,49,-1.0000
58,50,-1.0000
58,51,-1.0000
58,52,-1.0000
58,53,-1.0000
58,54,-1.0000
58,55,-1.0000
58,56,-1.0000
58,57,-1.0000
58,58,-1.0000
58,59,-1.0000
59,0,-1.0000
59,1,-1.0000
59,2,-1.0000
59,3,-1.0000
59,4,-1.0000
59,5,-1.0000
59,6,-1.0000
59,7,-1.0000
59,8,-1.0000
59,9,-1.0000
59,10,-1.0000
59,11,-1.0000
59,12,-1.0000
59,13,-1.0000
59,14,-1.0000
59,15,-1.0000
59,16,-1.0000
59,17,-1.0000
59,18,-1.0000
59,19,-1.0000
59,20,-1.0000
59,21,-1.0000
59,22,-1.0000
59,23,-1.0000
59,24,-1.0000
59,25,-1.0000
59,26,-1.0000
59,27,-1.0000
59,28,-1.0000
59,29,-1.0000
59,30,-1.0000
59,31,-1.0000
59,32,-1.0000
59,33,-1.0000
59,34,-1.0000
59,35,-1.0000
59,36,-1.0000
59,37,-1.0000
59,38,-1.0000
59,39,-1.0000
59,40,-1.0000
59,41,-1.0000
59,42,-1.0000
59,43,-1.0000
59,44,-1.0000
59,45,-1.0000
59,46,-1.0000
59,47,-1.0000
59,48,-1.0000
59,49,-1.0000
59,50,-1.0000
59,51,-1.0000
59,52,-1.0000
59,53,-1.0000
59,54,-1.0000
59,55,-1.0000
59,56,-1.0000
59,57,-1.0000
59,58,-1.0000
59,59,-1.0000
